-- ============================================================
-- 天美健MES演示数据重置脚本 V2（字符集修复 + 列名修正）
-- ============================================================
SET NAMES utf8mb4 COLLATE utf8mb4_unicode_ci;
SET FOREIGN_KEY_CHECKS = 0;

-- ── 清空所有业务数据表 ─────────────────────────────────────
TRUNCATE TABLE sys_factory;
TRUNCATE TABLE base_material_category;
TRUNCATE TABLE base_unit;
TRUNCATE TABLE base_material;
TRUNCATE TABLE base_product_series;
TRUNCATE TABLE base_process_routing;
TRUNCATE TABLE base_routing_step;
TRUNCATE TABLE base_operation;
TRUNCATE TABLE base_work_center;
TRUNCATE TABLE base_workshop;
TRUNCATE TABLE base_employee;
TRUNCATE TABLE eqp_equipment;
TRUNCATE TABLE mes_work_order;
TRUNCATE TABLE qms_inspection_order;
TRUNCATE TABLE qms_nonconformance;
TRUNCATE TABLE ebr_batch_record;
TRUNCATE TABLE ebr_material_balance;

SET FOREIGN_KEY_CHECKS = 1;

-- ============================================================
-- 1. 工厂（双工厂）sys_factory
-- ============================================================
INSERT INTO sys_factory (factory_code, factory_name, address, status) VALUES
('NJ', '天美健大自然生物工程（南京）有限公司', '南京市江宁区天美健工业园', 1),
('LS', '每日营养（溧水）健康科技有限公司',    '南京市溧水区健康产业园',    1);

-- ============================================================
-- 2. 单位 base_unit
-- ============================================================
INSERT INTO base_unit (unit_code, unit_name, status) VALUES
('KG','千克',1),('G','克',1),('MG','毫克',1),
('L','升',1),('ML','毫升',1),
('TAB','片',1),('CAPS','粒',1),('PCS','支',1),
('BAG','袋',1),('BTL','瓶',1),('BOX','盒',1),('CTN','箱',1);

-- ============================================================
-- 3. 物料分类 base_material_category (cat_code, cat_name, parent_id)
-- ============================================================
INSERT INTO base_material_category (parent_id, cat_code, cat_name, sort_no, status) VALUES
(0,    'CAT-RAW',  '原辅料',         1, 1),
(0,    'CAT-PKG',  '包装材料',       2, 1),
(0,    'CAT-FIN',  '成品',           3, 1),
(1,    'CAT-VIT',  '维生素原料',     1, 1),
(1,    'CAT-MIN',  '矿物质原料',     2, 1),
(1,    'CAT-PRO',  '蛋白质原料',     3, 1),
(1,    'CAT-OIL',  '油脂原料',       4, 1),
(1,    'CAT-PROB', '益生菌原料',     5, 1),
(1,    'CAT-HRB',  '草本植物提取物', 6, 1),
(1,    'CAT-EXC',  '辅料',           7, 1),
(2,    'CAT-PKG1', '内包材',         1, 1),
(2,    'CAT-PKG2', '外包材',         2, 1),
(3,    'CAT-TAB',  '片剂成品',       1, 1),
(3,    'CAT-SGC',  '软胶囊成品',     2, 1),
(3,    'CAT-PWD',  '粉剂成品',       3, 1),
(3,    'CAT-LIQ',  '口服液成品',     4, 1);

-- ============================================================
-- 4. 物料主数据 base_material
-- ============================================================
INSERT INTO base_material (material_code, material_name, category_id, spec, unit_id, status) VALUES
('MAT-VC-001',   '维生素C（抗坏血酸）',        4,  '食品级,纯度≥99%',          2, 1),
('MAT-VD-002',   '维生素D3（胆钙化醇）',       4,  '食品级,100万IU/g',          2, 1),
('MAT-VE-003',   '维生素E（d-α-生育酚）',      4,  '食品级,天然来源',            2, 1),
('MAT-VB6-004',  '维生素B6（盐酸吡哆醇）',     4,  '食品级,纯度≥98%',           2, 1),
('MAT-CA-005',   '碳酸钙',                     5,  '食品级,Ca≥39.0%',            1, 1),
('MAT-ZN-006',   '葡萄糖酸锌',                 5,  '食品级,Zn≥12.5%',            2, 1),
('MAT-FE-007',   '富马酸亚铁',                 5,  '食品级,Fe≥32.5%',            2, 1),
('MAT-MG-008',   '氧化镁',                     5,  '食品级,MgO≥98%',             2, 1),
('MAT-WPI-009',  '乳清蛋白粉（WPI90）',        6,  '蛋白质≥90%,乳糖≤1%',         1, 1),
('MAT-SOY-010',  '大豆分离蛋白',               6,  '蛋白质≥90%',                 1, 1),
('MAT-COL-011',  '胶原蛋白肽（海洋来源）',     6,  '分子量≤1000Da,纯度≥90%',     1, 1),
('MAT-FO-012',   '深海鱼油（EPAX挪威）',       7,  'EPA+DHA≥30%,POV≤5meq/kg',   1, 1),
('MAT-MCT-013',  'MCT中链甘油三酯',            7,  '食品级,纯度≥99%',            1, 1),
('MAT-LB-014',   '嗜酸乳杆菌（LA-5）',        8,  '1000亿CFU/g,冻干粉',          2, 1),
('MAT-BB-015',   '双歧杆菌（BB-12）',          8,  '1000亿CFU/g,冻干粉',          2, 1),
('MAT-GIN-016',  '姜黄素提取物',               9,  '姜黄素≥95%',                 2, 1),
('MAT-GSE-017',  '葡萄籽提取物',               9,  'OPC≥95%',                    2, 1),
('MAT-MCC-018',  '微晶纤维素（MCC101）',      10,  '药用辅料,Ph.Eur.',            1, 1),
('MAT-MAG-019',  '硬脂酸镁',                  10,  '药用辅料',                    2, 1),
('MAT-SIO-020',  '二氧化硅（气相法）',        10,  '药用辅料,SiO2≥99%',           2, 1),
('MAT-GEL-021',  '明胶（猪皮）',              10,  '软胶囊级,冻力180-220g',        1, 1),
('MAT-GLY-022',  '甘油（药用）',              10,  '药用级,纯度≥99.5%',            5, 1),
('MAT-SORB-023', '山梨糖醇',                  10,  '食品级,纯度≥98%',              1, 1),
('MAT-SUC-024',  '蔗糖（白砂糖）',            10,  '食品级,蔗糖≥99.5%',            1, 1),
('PKG-ALU-025',  '铝塑复合膜（OPA/AL/PVC）', 11,  '药用铝塑膜,140μm',            NULL, 1),
('PKG-HDPE-026', 'HDPE高密度聚乙烯瓶',       11,  '150ml,白色',                  NULL, 1),
('PKG-CAP-027',  '铝盖',                      11,  '53#感应铝箔盖',               NULL, 1),
('PKG-LBL-028',  '标签纸（不干胶）',          12,  '防水防油',                    NULL, 1),
('PKG-BOX-029',  '折叠纸盒',                  12,  '钙板纸,350g',                 NULL, 1),
('PKG-CTN-030',  '纸箱（瓦楞）',              12,  'B楞,三层',                    NULL, 1),
('PROD-TAB-025', '维C咀嚼片',                 13,  '0.5g×60片/瓶',               10, 1),
('PROD-CAP-026', '钙维生素D软胶囊',           14,  '1.0g×60粒/瓶',               10, 1),
('PROD-PWD-027', '乳清蛋白粉',                15,  '10g×30袋/盒',                11, 1),
('PROD-LIQ-028', '葡萄糖酸锌口服液',          16,  '10ml×30支/盒',               11, 1),
('PROD-FIS-029', '鱼油软胶囊',                14,  '1.0g×60粒/瓶',               10, 1),
('PROD-COL-030', '胶原蛋白口服液',            16,  '50ml×8瓶/盒',                11, 1);

-- ============================================================
-- 5. 产品系列 base_product_series
-- ============================================================
INSERT INTO base_product_series (series_code, series_name, description, status) VALUES
('PS-VIT', '维生素系列',   '维生素C/D/E/B族补充剂，支持免疫和能量代谢',   1),
('PS-CAL', '钙铁锌系列',   '钙维生素D、葡萄糖酸锌等矿物质补充产品',       1),
('PS-PRO', '蛋白质系列',   '乳清蛋白粉、胶原蛋白肽等蛋白营养产品',        1),
('PS-HRB', '草本植物系列', '姜黄素、葡萄籽等天然植物提取物健康产品',      1),
('PS-PRB', '益生菌系列',   '乳杆菌、双歧杆菌等肠道健康益生菌产品',        1);

-- ============================================================
-- 6. 生产车间 base_workshop (workshop_code, workshop_name, factory_code)
-- ============================================================
INSERT INTO base_workshop (workshop_code, workshop_name, factory_code, workshop_type, status) VALUES
('NJ-GD', '南京固体车间',    'NJ', 'SOLID',  1),
('NJ-RN', '南京软胶囊车间',  'NJ', 'SGC',    1),
('NJ-WB', '南京外包车间',    'NJ', 'PACK',   1),
('LS-GD', '溧水固体车间',    'LS', 'SOLID',  1),
('LS-YQ', '溧水液体车间',    'LS', 'LIQUID', 1),
('LS-WB', '溧水外包车间',    'LS', 'PACK',   1);

-- ============================================================
-- 7. 工作中心 base_work_center
-- ============================================================
INSERT INTO base_work_center (wc_code, wc_name, workshop_id, capacity, status) VALUES
('GD-配料室',    '南京固体-配料室',    1, 2, 1),
('GD-混合间',    '南京固体-混合间',    1, 2, 1),
('GD-制粒间',    '南京固体-制粒间',    1, 1, 1),
('GD-干燥间',    '南京固体-干燥间',    1, 2, 1),
('GD-压片间',    '南京固体-压片间',    1, 2, 1),
('GD-包装间',    '南京固体-包装间',    1, 3, 1),
('RN-化胶间',    '南京软胶囊-化胶间',  2, 1, 1),
('RN-配料间',    '南京软胶囊-配料间',  2, 2, 1),
('RN-压丸间',    '南京软胶囊-压丸间',  2, 2, 1),
('RN-干燥间',    '南京软胶囊-干燥间',  2, 4, 1),
('WB-赋码区',    '外包-赋码区',        3, 2, 1),
('LS-配料室',    '溧水固体-配料室',    4, 2, 1),
('LS-混合间',    '溧水固体-混合间',    4, 1, 1),
('LS-分装间',    '溧水固体-分装间',    4, 2, 1),
('LS-YQ-配料室', '溧水液体-配料室',    5, 2, 1),
('LS-YQ-配制间', '溧水液体-配制间',    5, 1, 1),
('LS-YQ-灌装间', '溧水液体-灌装间',    5, 2, 1),
('LS-YQ-灭菌间', '溧水液体-灭菌间',    5, 2, 1),
('LS-YQ-灯检台', '溧水液体-灯检台',    5, 4, 1);

-- ============================================================
-- 8. 工序主数据 base_operation (op_code, op_name, std_time, factory_code)
-- ============================================================
INSERT INTO base_operation (op_code, op_name, factory_code, workshop_type, std_time, status) VALUES
('GD-01', '称量配料', 'NJ', 'SOLID',  180, 1),
('GD-02', '混合',     'NJ', 'SOLID',  120, 1),
('GD-03', '制粒',     'NJ', 'SOLID',  180, 1),
('GD-04', '干燥',     'NJ', 'SOLID',  240, 1),
('GD-05', '压片',     'NJ', 'SOLID',  480, 1),
('GD-06', '铝塑包装', 'NJ', 'SOLID',  240, 1),
('GD-07', '外包装',   'NJ', 'SOLID',  180, 1),
('RN-01', '化胶',     'NJ', 'SGC',    240, 1),
('RN-02', '配料',     'NJ', 'SGC',    120, 1),
('RN-03', '压丸',     'NJ', 'SGC',    600, 1),
('RN-04', '干燥',     'NJ', 'SGC',    2880,1),
('RN-05', '拣丸',     'NJ', 'SGC',    120, 1),
('RN-06', '包装',     'NJ', 'SGC',    180, 1),
('LS-GD01','称量配料','LS', 'SOLID',  120, 1),
('LS-GD02','混合',    'LS', 'SOLID',   90, 1),
('LS-GD03','分装',    'LS', 'SOLID',  360, 1),
('LS-GD04','外包装',  'LS', 'SOLID',  120, 1),
('YQ-01', '称量配料', 'LS', 'LIQUID',  90, 1),
('YQ-02', '配制混合', 'LS', 'LIQUID', 180, 1),
('YQ-03', '灌装',     'LS', 'LIQUID', 360, 1),
('YQ-04', '灭菌',     'LS', 'LIQUID', 240, 1),
('YQ-05', '灯检',     'LS', 'LIQUID', 120, 1),
('YQ-06', '外包装',   'LS', 'LIQUID', 120, 1),
('WB-03', '赋码关联', 'NJ', 'PACK',    60, 1);

-- ============================================================
-- 9. 工艺路线 base_process_routing (route_code, route_name, factory_code, route_status)
-- ============================================================
INSERT INTO base_process_routing (route_code, route_name, factory_code, workshop_type, route_status, version) VALUES
('NJ-GD-TAB-001',     '南京固体车间-维C咀嚼片工艺路线',         'NJ', 'SOLID',  'ACTIVE',   '1.0'),
('NJ-RN-SGC-001',     '南京软胶囊车间-钙维D软胶囊工艺路线',     'NJ', 'SGC',    'ACTIVE',   '1.0'),
('NJ-RN-SGC-002',     '南京软胶囊车间-鱼油软胶囊工艺路线',      'NJ', 'SGC',    'ACTIVE',   '1.0'),
('LS-GD-PWD-001',     '溧水固体车间-乳清蛋白粉工艺路线',        'LS', 'SOLID',  'ACTIVE',   '1.0'),
('LS-YQ-LIQ-001',     '溧水液体车间-葡萄糖酸锌口服液工艺路线',  'LS', 'LIQUID', 'ACTIVE',   '1.0'),
('LS-YQ-LIQ-002',     '溧水液体车间-胶原蛋白口服液工艺路线',    'LS', 'LIQUID', 'ACTIVE',   '1.0'),
('NJ-GD-TAB-001-V09', '南京固体车间-维C咀嚼片工艺路线(旧版)',   'NJ', 'SOLID',  'INACTIVE', '0.9');

-- ============================================================
-- 10. 工艺路线步骤 base_routing_step (route_id, step_no, op_id, op_code, op_name, is_key_step, require_qc, std_time)
-- ============================================================
-- 路线1: NJ-GD-TAB-001 维C咀嚼片 (route_id=1)
INSERT INTO base_routing_step (route_id, step_no, op_id, op_code, op_name, is_key_step, require_qc, require_ebr, std_time) VALUES
(1, 10, 1,  'GD-01', '称量配料', 0, 1, 1, 180),
(1, 20, 2,  'GD-02', '混合',     0, 1, 1, 120),
(1, 30, 3,  'GD-03', '制粒',     0, 1, 1, 180),
(1, 40, 4,  'GD-04', '干燥',     0, 1, 1, 240),
(1, 50, 5,  'GD-05', '压片',     1, 1, 1, 480),
(1, 60, 6,  'GD-06', '铝塑包装', 0, 1, 1, 240),
(1, 70, 7,  'GD-07', '外包装',   0, 0, 1, 180),
(1, 80, 24, 'WB-03', '赋码关联', 0, 0, 1,  60);

-- 路线2: NJ-RN-SGC-001 钙维D软胶囊 (route_id=2)
INSERT INTO base_routing_step (route_id, step_no, op_id, op_code, op_name, is_key_step, require_qc, require_ebr, std_time) VALUES
(2, 10, 8,  'RN-01', '化胶',     0, 1, 1, 240),
(2, 20, 9,  'RN-02', '配料',     0, 1, 1, 120),
(2, 30, 10, 'RN-03', '压丸',     1, 1, 1, 600),
(2, 40, 11, 'RN-04', '干燥',     0, 1, 1, 2880),
(2, 50, 12, 'RN-05', '拣丸',     0, 1, 1, 120),
(2, 60, 13, 'RN-06', '包装',     0, 0, 1, 180),
(2, 70, 24, 'WB-03', '赋码关联', 0, 0, 1,  60);

-- 路线3: NJ-RN-SGC-002 鱼油软胶囊 (route_id=3)
INSERT INTO base_routing_step (route_id, step_no, op_id, op_code, op_name, is_key_step, require_qc, require_ebr, std_time) VALUES
(3, 10, 8,  'RN-01', '化胶',     0, 1, 1, 240),
(3, 20, 9,  'RN-02', '配料',     0, 1, 1, 120),
(3, 30, 10, 'RN-03', '压丸',     1, 1, 1, 600),
(3, 40, 11, 'RN-04', '干燥',     0, 1, 1, 2880),
(3, 50, 12, 'RN-05', '拣丸',     0, 1, 1, 120),
(3, 60, 13, 'RN-06', '包装',     0, 0, 1, 180),
(3, 70, 24, 'WB-03', '赋码关联', 0, 0, 1,  60);

-- 路线4: LS-GD-PWD-001 乳清蛋白粉 (route_id=4)
INSERT INTO base_routing_step (route_id, step_no, op_id, op_code, op_name, is_key_step, require_qc, require_ebr, std_time) VALUES
(4, 10, 14, 'LS-GD01','称量配料', 0, 1, 1, 120),
(4, 20, 15, 'LS-GD02','混合',     0, 1, 1,  90),
(4, 30, 16, 'LS-GD03','分装',     1, 1, 1, 360),
(4, 40, 17, 'LS-GD04','外包装',   0, 0, 1, 120),
(4, 50, 24, 'WB-03',  '赋码关联', 0, 0, 1,  60);

-- 路线5: LS-YQ-LIQ-001 葡萄糖酸锌口服液 (route_id=5)
INSERT INTO base_routing_step (route_id, step_no, op_id, op_code, op_name, is_key_step, require_qc, require_ebr, std_time) VALUES
(5, 10, 18, 'YQ-01', '称量配料', 0, 1, 1,  90),
(5, 20, 19, 'YQ-02', '配制混合', 0, 1, 1, 180),
(5, 30, 20, 'YQ-03', '灌装',     1, 1, 1, 360),
(5, 40, 21, 'YQ-04', '灭菌',     1, 1, 1, 240),
(5, 50, 22, 'YQ-05', '灯检',     0, 1, 1, 120),
(5, 60, 23, 'YQ-06', '外包装',   0, 0, 1, 120),
(5, 70, 24, 'WB-03', '赋码关联', 0, 0, 1,  60);

-- 路线6: LS-YQ-LIQ-002 胶原蛋白口服液 (route_id=6)
INSERT INTO base_routing_step (route_id, step_no, op_id, op_code, op_name, is_key_step, require_qc, require_ebr, std_time) VALUES
(6, 10, 18, 'YQ-01', '称量配料', 0, 1, 1, 120),
(6, 20, 19, 'YQ-02', '配制混合', 0, 1, 1, 240),
(6, 30, 20, 'YQ-03', '灌装',     1, 1, 1, 480),
(6, 40, 21, 'YQ-04', '灭菌',     1, 1, 1, 300),
(6, 50, 22, 'YQ-05', '灯检',     0, 1, 1, 180),
(6, 60, 23, 'YQ-06', '外包装',   0, 0, 1, 180),
(6, 70, 24, 'WB-03', '赋码关联', 0, 0, 1,  60);

-- ============================================================
-- 11. 员工 base_employee (emp_no, emp_name, factory_code, position)
-- ============================================================
INSERT INTO base_employee (emp_no, emp_name, factory_code, position, status) VALUES
('E001', '王建国', 'NJ', '生产主任',       1),
('E002', '赵明辉', 'NJ', '工艺工程师',     1),
('E003', '李梅',   'NJ', '固体车间班长',   1),
('E004', '张伟',   'NJ', '软胶囊车间班长', 1),
('E005', '孔翠萍', 'NJ', 'QA经理',         1),
('E006', '刘雅琴', 'NJ', 'QC检验员',       1),
('E007', '陈立强', 'NJ', 'QC检验员',       1),
('E008', '周海燕', 'NJ', '物料主管',       1),
('E009', '吴志远', 'NJ', '设备工程师',     1),
('E010', '郑秀芳', 'NJ', '设备工程师',     1),
('E011', '刘志强', 'LS', '生产主任',       1),
('E012', '孙建国', 'LS', '液体车间班长',   1),
('E013', '黄丽华', 'LS', '固体车间班长',   1),
('E014', '马小燕', 'LS', 'QA工程师',       1),
('E015', '林志明', 'LS', 'QC检验员',       1),
('E016', '谢建平', 'LS', '设备维护员',     1);

-- ============================================================
-- 12. 设备 eqp_equipment (eq_code, eq_name, eq_type, factory_code, eq_model, manufacturer, eq_status)
-- ============================================================
INSERT INTO eqp_equipment (eq_code, eq_name, eq_type, factory_code, workshop_id, eq_model, manufacturer, eq_status) VALUES
('TMG-GD-001', '高速压片机',     'PRESS',    'NJ', 1, 'GZPS-83',      '上海天美机械',    'RUNNING'),
('TMG-GD-002', '三维混合机',     'MIXER',    'NJ', 1, 'SBH-200',      '无锡市天立',      'RUNNING'),
('TMG-GD-003', '湿法制粒机',     'GRANUL',   'NJ', 1, 'GHL-300',      '重庆英格',        'RUNNING'),
('TMG-GD-004', '流化床干燥机',   'DRYER',    'NJ', 1, 'FG-120',       '上海信强',        'RUNNING'),
('TMG-GD-005', '高效包衣机',     'COATER',   'NJ', 1, 'BG-150',       '江苏科旺',        'RUNNING'),
('TMG-GD-006', '铝塑包装机',     'BLISTER',  'NJ', 1, 'DPH-260',      '北京东方制药',    'RUNNING'),
('TMG-GD-007', '自动装盒机',     'CARTONER', 'NJ', 1, 'ZH-120',       '广州三拓',        'RUNNING'),
('TMG-GD-008', '电子秤（配料）', 'SCALE',    'NJ', 1, 'ME3002E',      '梅特勒-托利多',   'RUNNING'),
('TMG-GD-009', '金属探测仪',     'DETECT',   'NJ', 1, 'MD-3300',      '欧派克',          'RUNNING'),
('TMG-RN-001', '软胶囊机',       'SGC',      'NJ', 2, 'YWJ250-IIIA',  '南京子欣',        'RUNNING'),
('TMG-RN-002', '全自动胶罐',     'GEL',      'NJ', 2, 'ZHJG-1',       '上海鑫鑫',        'RUNNING'),
('TMG-RN-003', '干燥转笼',       'TDRYER',   'NJ', 2, 'ZG-10',        '无锡市天立',      'RUNNING'),
('TMG-RN-004', '配料罐',         'TANK',     'NJ', 2, 'PYG-200',      '江苏华创',        'RUNNING'),
('TMG-RN-005', '自动数粒装瓶机', 'COUNTER',  'NJ', 2, 'CP-100',       '广州精工',        'RUNNING'),
('MR-GD-001',  'V型混合机',      'MIXER',    'LS', 4, 'VH-100',       '无锡帝皇',        'RUNNING'),
('MR-GD-002',  '自动分装机',     'FILL',     'LS', 4, 'FB-10',        '上海泰润',        'RUNNING'),
('MR-YQ-001',  '液体灌装线',     'FILL',     'LS', 5, 'XZKGS32',      '楚天科技',        'RUNNING'),
('MR-YQ-002',  '灭菌系统',       'STERIL',   'LS', 5, 'SG-2.0',       '广州达安',        'RUNNING'),
('MR-YQ-003',  '配料罐',         'TANK',     'LS', 5, 'HSPY-500',     '无锡华赛',        'RUNNING'),
('MR-YQ-004',  '灯检台',         'INSPECT',  'LS', 5, 'GJ-1000',      '天津欣佳',        'RUNNING');

-- ============================================================
-- 13. 生产工单 mes_work_order
-- wo_status: 1=待生产 2=生产中 3=已完工 4=已关闭
-- ============================================================
INSERT INTO mes_work_order (wo_code, factory_code, workshop_code, product_code, product_name, batch_no, route_id, route_code, plan_qty, unit_name, wo_status, order_type, priority, plan_start, plan_end, create_by) VALUES
('WO-NJ-20260601-001','NJ','NJ-GD','PROD-TAB-025','维C咀嚼片',        'BN-20260601-001',1,'NJ-GD-TAB-001',    10000,'片', 3,'NORMAL',3,'2026-06-01 08:00:00','2026-06-02 18:00:00','admin'),
('WO-NJ-20260601-002','NJ','NJ-RN','PROD-CAP-026','钙维生素D软胶囊',  'BN-20260601-002',2,'NJ-RN-SGC-001',     8000,'粒', 3,'NORMAL',3,'2026-06-01 09:00:00','2026-06-04 18:00:00','admin'),
('WO-NJ-20260602-003','NJ','NJ-RN','PROD-FIS-029','鱼油软胶囊',       'BN-20260602-003',3,'NJ-RN-SGC-002',     6000,'粒', 3,'NORMAL',3,'2026-06-02 08:00:00','2026-06-05 18:00:00','admin'),
('WO-LS-20260602-004','LS','LS-GD','PROD-PWD-027','乳清蛋白粉',       'BN-20260602-004',4,'LS-GD-PWD-001',     5000,'袋', 3,'NORMAL',3,'2026-06-02 08:00:00','2026-06-02 17:00:00','admin'),
('WO-LS-20260603-005','LS','LS-YQ','PROD-LIQ-028','葡萄糖酸锌口服液', 'BN-20260603-005',5,'LS-YQ-LIQ-001',    15000,'支', 3,'NORMAL',3,'2026-06-03 08:00:00','2026-06-03 20:00:00','admin'),
('WO-NJ-20260604-006','NJ','NJ-GD','PROD-TAB-025','维C咀嚼片',        'BN-20260604-006',1,'NJ-GD-TAB-001',    12000,'片', 2,'NORMAL',2,'2026-06-04 08:00:00','2026-06-05 18:00:00','admin'),
('WO-NJ-20260604-007','NJ','NJ-RN','PROD-CAP-026','钙维生素D软胶囊',  'BN-20260604-007',2,'NJ-RN-SGC-001',    10000,'粒', 2,'NORMAL',3,'2026-06-04 09:00:00','2026-06-07 18:00:00','admin'),
('WO-LS-20260604-008','LS','LS-YQ','PROD-LIQ-028','葡萄糖酸锌口服液', 'BN-20260604-008',5,'LS-YQ-LIQ-001',    20000,'支', 2,'NORMAL',2,'2026-06-04 08:00:00','2026-06-04 22:00:00','admin'),
('WO-NJ-20260605-009','NJ','NJ-RN','PROD-FIS-029','鱼油软胶囊',       'BN-20260605-009',3,'NJ-RN-SGC-002',     8000,'粒', 1,'NORMAL',3,'2026-06-05 08:00:00','2026-06-08 18:00:00','admin'),
('WO-LS-20260605-010','LS','LS-GD','PROD-PWD-027','乳清蛋白粉',       'BN-20260605-010',4,'LS-GD-PWD-001',     6000,'袋', 1,'NORMAL',3,'2026-06-05 08:00:00','2026-06-05 17:00:00','admin');

-- ============================================================
-- 14. 检验单 qms_inspection_order
-- io_type: 1=来料IQC 2=过程IPQC 3=成品FQC 4=周期
-- io_status: 1=待检 2=检验中 3=已完成
-- ============================================================
INSERT INTO qms_inspection_order (io_code, io_type, wo_id, wo_code, batch_no, material_code, material_name, sample_qty, inspector_name, inspect_time, io_status, overall_result, remark) VALUES
('QC-20260601-001', 1, 1,'WO-NJ-20260601-001','BN-20260601-001','MAT-VC-001',  '维生素C原料来料检验',   50, '刘雅琴','2026-06-01 09:00:00',3,'QUALIFIED','纯度99.2%，符合标准'),
('QC-20260601-002', 2, 1,'WO-NJ-20260601-001','BN-20260601-001','PROD-TAB-025','维C咀嚼片压片中控',     30, '刘雅琴','2026-06-01 14:00:00',3,'QUALIFIED','片重0.502g±0.018g，硬度65N，脆碎度0.3%'),
('QC-20260601-003', 3, 1,'WO-NJ-20260601-001','BN-20260601-001','PROD-TAB-025','维C咀嚼片成品检验',    100, '陈立强','2026-06-02 10:00:00',3,'QUALIFIED','维C含量105%标示量，溶出度≥80%'),
('QC-20260601-004', 1, 2,'WO-NJ-20260601-002','BN-20260601-002','MAT-GEL-021', '明胶来料检验',          30, '陈立强','2026-06-01 10:00:00',3,'QUALIFIED','冻力198g，粘度35mPa·s'),
('QC-20260601-005', 2, 2,'WO-NJ-20260601-002','BN-20260601-002','PROD-CAP-026','钙维D软胶囊压丸中控',  50, '刘雅琴','2026-06-01 16:00:00',3,'QUALIFIED','装量1.003g±0.092g，胶皮厚0.76mm'),
('QC-20260602-006', 1, 3,'WO-NJ-20260602-003','BN-20260602-003','MAT-FO-012',  '鱼油来料检验',          20, '陈立强','2026-06-02 09:00:00',3,'QUALIFIED','EPA+DHA 32.1%，过氧化值3.2meq/kg'),
('QC-20260602-007', 1, 4,'WO-LS-20260602-004','BN-20260602-004','MAT-WPI-009', '乳清蛋白来料检验',      30, '林志明','2026-06-02 08:30:00',3,'QUALIFIED','蛋白质91.3%，乳糖0.8%'),
('QC-20260602-008', 3, 4,'WO-LS-20260602-004','BN-20260602-004','PROD-PWD-027','乳清蛋白粉成品检验',    80, '林志明','2026-06-02 15:00:00',3,'QUALIFIED','装量10.02g±0.48g，密封性合格'),
('QC-20260603-009', 1, 5,'WO-LS-20260603-005','BN-20260603-005','MAT-ZN-006',  '葡萄糖酸锌来料检验',    25, '林志明','2026-06-03 08:00:00',3,'QUALIFIED','Zn含量12.8%，符合标准'),
('QC-20260603-010', 2, 5,'WO-LS-20260603-005','BN-20260603-005','PROD-LIQ-028','口服液灭菌中控',         30, '林志明','2026-06-03 12:00:00',3,'QUALIFIED','F0值8.6min，灭菌合格'),
('QC-20260603-011', 2, 5,'WO-LS-20260603-005','BN-20260603-005','PROD-LIQ-028','口服液灯检',          1000, '林志明','2026-06-03 14:00:00',3,'QUALIFIED','合格9986支，剔除14支（破瓶8支+异物6支）'),
('QC-20260603-012', 3, 5,'WO-LS-20260603-005','BN-20260603-005','PROD-LIQ-028','口服液成品检验',        50, '马小燕','2026-06-03 17:00:00',3,'QUALIFIED','葡萄糖酸锌含量标示量102%，pH 4.2，符合标准'),
('QC-20260604-013', 2, 6,'WO-NJ-20260604-006','BN-20260604-006','PROD-TAB-025','维C咀嚼片压片中控（在制）',30,'刘雅琴','2026-06-04 14:00:00',3,'QUALIFIED','片重差异±6.8%，符合±7.5%标准'),
('QC-20260604-014', 2, 7,'WO-NJ-20260604-007','BN-20260604-007','PROD-CAP-026','钙维D软胶囊化胶中控（在制）',1,'刘雅琴','2026-06-04 11:00:00',3,'QUALIFIED','粘度4200mPa·s，符合3000~5000标准'),
('QC-20260604-015', 2, 8,'WO-LS-20260604-008','BN-20260604-008','PROD-LIQ-028','口服液灌装中控（在制）',30,'林志明','2026-06-04 15:00:00',3,'QUALIFIED','装量10.08ml，符合±5%标准'),
('QC-20260601-016', 4, NULL,NULL,'LOT-MCC-0601','MAT-MCC-018','微晶纤维素周期性检验',20,'陈立强','2026-06-01 16:00:00',3,'QUALIFIED','含量≥99%，水分4.2%'),
('QC-20260602-017', 4, NULL,NULL,'LOT-GEL-0602','MAT-GEL-021','明胶周期性复检',15,'陈立强','2026-06-02 16:00:00',3,'QUALIFIED','重金属<10ppm，微生物限度合格'),
('QC-20260603-018', 1, NULL,NULL,'LOT-CA-0603','MAT-CA-005','碳酸钙来料检验',30,'林志明','2026-06-03 09:00:00',3,'QUALIFIED','Ca含量39.4%，重金属合格'),
('QC-20260604-019', 1, NULL,NULL,'LOT-VD-0604','MAT-VD-002','维生素D3来料检验',5,'刘雅琴','2026-06-04 09:00:00',3,'QUALIFIED','效价103万IU/g，符合标准'),
('QC-20260604-020', 1, NULL,NULL,'LOT-MAG-0604','MAT-MAG-019','硬脂酸镁来料检验',10,'刘雅琴','2026-06-04 10:00:00',3,'QUALIFIED','纯度99.1%，符合药典标准');

-- ============================================================
-- 15. 不符合项 qms_nonconformance (nc_code, wo_id, batch_no, nc_reason, status)
-- ============================================================
INSERT INTO qms_nonconformance (nc_code, wo_id, batch_no, material_code, material_name, nc_qty, nc_reason, disposition, status) VALUES
('NC-20260601-001',1,'BN-20260601-001','PROD-TAB-025','维C咀嚼片',0,'混合工序时间偏差2min：设定30min实际28min。QC补检RSD=3.8%符合≤5%，本批可继续生产','ACCEPT','CLOSED'),
('NC-20260601-002',2,'BN-20260601-002','PROD-CAP-026','钙维D软胶囊',0,'压丸中控第3次取样装量1.085g超出0.9~1.1g上限，软胶囊机送料泵流速漂移','REWORK','CLOSED'),
('NC-20260603-003',5,'BN-20260603-005','PROD-LIQ-028','葡萄糖酸锌口服液',350,'灭菌F0值6.8min低于≥8min强制控制下限，第1釜全部报废不得返工','SCRAP','CLOSED'),
('NC-20260602-004',4,'BN-20260602-004','MAT-WPI-009','乳清蛋白粉WPI90',0,'领料时质量证明书未随批流转，仓管员漏扫质量文件','ACCEPT','CLOSED'),
('NC-20260604-005',6,'BN-20260604-006','PROD-TAB-025','维C咀嚼片',0,'压片机转速60rpm超出工艺参数40~55rpm，已暂停待工艺工程师评估','PENDING','OPEN'),
('NC-20260604-006',8,'BN-20260604-008','PROD-LIQ-028','葡萄糖酸锌口服液',0,'B线灌装机装量标准差0.52ml超出控制限0.4ml，已切换A线停机检修','PENDING','OPEN');

-- ============================================================
-- 16. EBR电子批记录 ebr_batch_record
-- ebr_status: DRAFT/IN_PROGRESS/COMPLETED/APPROVED/ARCHIVED
-- ============================================================
INSERT INTO ebr_batch_record (ebr_code, wo_id, wo_code, batch_no, product_code, product_name, factory_code, plan_qty, actual_qty, material_balance_rate, yield_rate, ebr_status, operator_sign, operator_sign_time, reviewer_sign, reviewer_sign_time, qa_sign, qa_sign_time) VALUES
('BR-20260601-001',1,'WO-NJ-20260601-001','BN-20260601-001','PROD-TAB-025','维C咀嚼片',        'NJ',10000,9820,99.7,98.2,'APPROVED','李梅',  '2026-06-02 17:00:00','王建国','2026-06-02 17:30:00','孔翠萍','2026-06-03 09:00:00'),
('BR-20260601-002',2,'WO-NJ-20260601-002','BN-20260601-002','PROD-CAP-026','钙维生素D软胶囊',  'NJ', 8000,7896,99.5,98.7,'APPROVED','张伟',  '2026-06-04 15:30:00','王建国','2026-06-04 16:00:00','孔翠萍','2026-06-05 09:00:00'),
('BR-20260602-003',3,'WO-NJ-20260602-003','BN-20260602-003','PROD-FIS-029','鱼油软胶囊',       'NJ', 6000,5914,99.3,98.6,'APPROVED','张伟',  '2026-06-05 14:30:00','王建国','2026-06-05 15:00:00','孔翠萍','2026-06-06 09:00:00'),
('BR-20260602-004',4,'WO-LS-20260602-004','BN-20260602-004','PROD-PWD-027','乳清蛋白粉',       'LS', 5000,4960,99.6,99.2,'APPROVED','黄丽华','2026-06-02 16:00:00','刘志强','2026-06-02 16:30:00','马小燕','2026-06-03 09:00:00'),
('BR-20260603-005',5,'WO-LS-20260603-005','BN-20260603-005','PROD-LIQ-028','葡萄糖酸锌口服液', 'LS',15000,14635,99.1,97.6,'APPROVED','孙建国','2026-06-03 19:00:00','刘志强','2026-06-03 19:30:00','马小燕','2026-06-04 09:00:00'),
('BR-20260604-006',6,'WO-NJ-20260604-006','BN-20260604-006','PROD-TAB-025','维C咀嚼片',        'NJ',12000,NULL,NULL,NULL,'IN_PROGRESS','李梅',NULL,NULL,NULL,NULL,NULL);

-- ============================================================
-- 17. 物料平衡 ebr_material_balance
-- ============================================================
INSERT INTO ebr_material_balance (ebr_id, batch_no, material_id, material_code, material_name, theoretical_qty, actual_input, actual_output, waste_qty, balance_rate, is_pass) VALUES
(1,'BN-20260601-001',1, 'MAT-VC-001',  '维生素C',         5200.0,5200.0,5180.0,18.5, 99.65,1),
(1,'BN-20260601-001',18,'MAT-MCC-018', '微晶纤维素',      3000.0,3000.0,2988.0,10.2, 99.60,1),
(2,'BN-20260601-002',21,'MAT-GEL-021', '明胶',            8200.0,8200.0,8156.0,42.0, 99.49,1),
(2,'BN-20260601-002',5, 'MAT-CA-005',  '碳酸钙',          6400.0,6400.0,6380.0,18.5, 99.71,1),
(3,'BN-20260602-003',12,'MAT-FO-012',  '深海鱼油',        6100.0,6100.0,6055.0,44.0, 99.28,1),
(4,'BN-20260602-004',9, 'MAT-WPI-009', '乳清蛋白粉WPI90',52000.0,52000.0,51800.0,198.0,99.62,1),
(5,'BN-20260603-005',6, 'MAT-ZN-006',  '葡萄糖酸锌',      2250.0,2250.0,2230.0,18.0, 99.11,1),
(5,'BN-20260603-005',24,'MAT-SUC-024', '蔗糖',            7500.0,7500.0,7460.0,38.0, 99.47,1);

